employeeid,name,hours,gross,rate,net,stat,pi,ph,sss,tax
10001,Michael,40,373,59680,36637.05,23042.95,11936.0,895.1999999999999,1125.0,9086.75
10001,Michael,40,373,59680,36637.05,23042.95,11936.0,895.1999999999999,1125.0,9086.75
10001,Crisostomo,40,373,59680,36637.05,23042.95,11936.0,895.1999999999999,1125.0,9086.75
